,Trial Name,Test Accuracy Score,Test Macro F1 Score,Test ROC AUC Score
0,Original Data,0.7098283931357254,0.6906426564856246,0.7730519710442865
1,Aug Contextual Ins,0.6968278731149246,0.6727963624870593,0.7599077963977937
2,Aug Contextual Sub,0.6885075403016121,0.6728981418246955,0.759165323976363
