,Trial Name,Test Accuracy Score,Test Macro F1 Score,Test ROC AUC Score
0,Original Data,0.6999479979199168,0.6731388765955821,0.7644924170192088
1,Aug Contextual Ins,0.6973478939157566,0.6751178012201473,0.7617227955848805
2,Aug Contextual Sub,0.6666666666666666,0.6576111487683548,0.7444319834670491
