,Trial Name,Test Accuracy Score,Test Macro F1 Score,Test ROC AUC Score
0,Original Data,0.703068122724909,0.6830480350859433,0.7660838421593968
1,Augmented SR 0.1,0.7035881435257411,0.6788050553815381,0.7640227990848582
2,Augmented RI 0.1,0.7009880395215808,0.6846691677296989,0.768324140178882
3,Augmented RS 0.1,0.7108684347373895,0.6918643999865344,0.7739686771400232
4,Augmented RD 0.1,0.6937077483099324,0.6724798327712049,0.760031853318747
5,Augmented All 0.1,0.6999479979199168,0.6811530244775429,0.7665418433599109
6,Augmented All 0.5,0.6983879355174207,0.678707064053257,0.7633313274217367
