,loss,accuracy,balanced_recall,balanced_precision,balanced_f1_score,auc_roc,val_loss,val_accuracy,val_balanced_recall,val_balanced_precision,val_balanced_f1_score,val_auc_roc
0,0.9941275119781494,0.5268071889877319,0.514661967754364,0.45118430256843567,0.47884345054626465,0.652643620967865,0.7816746234893799,0.6583463549613953,0.5683634877204895,0.4850803017616272,0.5221360921859741,0.7153951525688171
1,0.8390501737594604,0.6211158633232117,0.5694782137870789,0.46170127391815186,0.5085262060165405,0.6678628325462341,0.7442987561225891,0.6812272667884827,0.5600487589836121,0.4363446533679962,0.4892101585865021,0.6743537187576294
2,0.7714720964431763,0.6582916378974915,0.576718807220459,0.45762139558792114,0.5089513659477234,0.6611381769180298,0.7445759773254395,0.6801872253417969,0.5268170833587646,0.43207794427871704,0.4734056890010834,0.6730582118034363
3,0.7255303263664246,0.6838393211364746,0.5959262251853943,0.467529833316803,0.5226735472679138,0.6725638508796692,0.7510181069374084,0.6770671010017395,0.5469790697097778,0.4144710302352905,0.4706144332885742,0.6644178032875061
4,0.6789470314979553,0.7068760991096497,0.6238436102867126,0.47906777262687683,0.5405933856964111,0.6901378035545349,0.7734036445617676,0.669786810874939,0.548841655254364,0.41989752650260925,0.4748201072216034,0.6715903282165527
5,0.6313865184783936,0.7322937846183777,0.6543011665344238,0.4924197196960449,0.5607804656028748,0.7109382748603821,0.8161069750785828,0.6661466360092163,0.6034204363822937,0.4370482563972473,0.5060630440711975,0.6876610517501831
