,loss,accuracy,balanced_recall,balanced_precision,balanced_f1_score,auc_roc,val_loss,val_accuracy,val_balanced_recall,val_balanced_precision,val_balanced_f1_score,val_auc_roc
0,1.0900989770889282,0.4749155044555664,0.5957022309303284,0.41497358679771423,0.4885994791984558,0.639464795589447,0.8256101608276367,0.639625608921051,0.7344306707382202,0.5222367644309998,0.6099876761436462,0.7879517078399658
1,0.9486828446388245,0.5540856719017029,0.6492529511451721,0.46997198462486267,0.5446643233299255,0.7103726863861084,0.7899990677833557,0.6604264378547668,0.7110530138015747,0.5657762885093689,0.6297991871833801,0.8075230121612549
2,0.904265284538269,0.5824042558670044,0.6705367565155029,0.49226096272468567,0.5671542882919312,0.7355210185050964,0.7560999393463135,0.669786810874939,0.7291038036346436,0.5724405646324158,0.6409768462181091,0.8210529088973999
3,0.8716813921928406,0.6008012294769287,0.6868736147880554,0.5075451731681824,0.5832034349441528,0.7525444626808167,0.7666894793510437,0.6687467694282532,0.7541629672050476,0.5636213421821594,0.644827127456665,0.8218199014663696
4,0.8450084328651428,0.6180524230003357,0.7063277363777161,0.5199236273765564,0.5983994603157043,0.7668190598487854,0.7603030204772949,0.6796671748161316,0.7800439596176147,0.5530701279640198,0.6468923687934875,0.815190315246582
5,0.8172816634178162,0.6328739523887634,0.7223654985427856,0.5299041867256165,0.6108485460281372,0.780691385269165,0.7554178237915039,0.6786271333694458,0.769340991973877,0.5674518942832947,0.6527076959609985,0.8241531252861023
6,0.7915228605270386,0.647370457649231,0.7361578345298767,0.542458176612854,0.6240973472595215,0.7929328680038452,0.7835438251495361,0.6729069352149963,0.78590327501297,0.5577073693275452,0.6521360874176025,0.8140894174575806
7,0.7639266848564148,0.6616557240486145,0.7505174875259399,0.5506762266159058,0.6347543001174927,0.8041456937789917,0.7989190816879272,0.67758709192276,0.7617300152778625,0.5673457384109497,0.6497105360031128,0.8195331692695618
8,0.7376047968864441,0.6782405972480774,0.765038251876831,0.5604746341705322,0.646470844745636,0.8155220746994019,0.8077321648597717,0.6640665531158447,0.7674269080162048,0.5664176344871521,0.6514845490455627,0.8159531950950623
