,Trial Name,Test Accuracy Score,Test Macro F1 Score,Test ROC AUC Score
0,Original Data,0.6609464378575143,0.6319246919999925,0.7326758982835102
1,Augmented SR 0.1,0.6703068122724909,0.6538685661420338,0.7450707431347788
2,Augmented RI 0.1,0.6448257930317213,0.5888863055619634,0.7136823288681992
3,Augmented RS 0.1,0.6775871034841394,0.6542451466652167,0.7465263218765769
4,Augmented RD 0.1,0.6734269370774831,0.6482129102106291,0.7407903276343201
5,Augmented All 0.1,0.6692667706708268,0.6651056681811542,0.7508844564104412
6,Augmented All 0.5,0.6801872074882995,0.6553712454377197,0.748144649373535
