,Trial Name,Test Accuracy Score,Test Macro F1 Score,Test ROC AUC Score
0,Original Data,0.6921476859074362,0.6763619159233705,0.7605735644086734
1,Augmented SR 0.1,0.858034321372855,0.8531984013940838,0.8898612606209272
2,Augmented RI 0.1,0.8623430651511774,0.8588977190225675,0.895104978880032
3,Augmented RS 0.1,0.8743778322561474,0.8701679075167328,0.9038563764017254
4,Augmented RD 0.1,0.8315132605304212,0.8255996780887646,0.8675743876683447
5,Augmented All 0.1,0.9240769630785232,0.9219750810416283,0.9418219918897209
6,Augmented All 0.5,0.730257781739841,0.7130136939714572,0.789447394165547
