,Trial Name,Test Accuracy Score,Test Macro F1 Score,Test ROC AUC Score
0,Original Data,0.7041081643265731,0.6835706355420493,0.7666261815220944
1,Augmented SR 0.1,0.7067082683307332,0.6906325853181471,0.7715403166129314
2,Augmented RI 0.1,0.7067082683307332,0.6789449148687948,0.7663782429928171
3,Augmented RS 0.1,0.7020280811232449,0.6825306736468392,0.7672417863979167
4,Augmented RD 0.1,0.7041081643265731,0.6852221223585159,0.7677475245818582
5,Augmented All 0.1,0.7004680187207488,0.6800989585079762,0.7655514438537855
6,Augmented All 0.5,0.7093083723348934,0.6886970196472962,0.7701742851441217
