,Trial Name,Test Accuracy Score,Test Macro F1 Score,Test ROC AUC Score
0,Original Data,0.6963078523140925,0.684745493480006,0.7639715463789166
1,Augmented SR 0.1,0.6989079563182528,0.6758681084374049,0.7669763868547642
2,Augmented RI 0.1,0.6994279771190848,0.6871845651668127,0.7672572477529102
3,Augmented RS 0.1,0.6838273530941238,0.6757136756061234,0.7580490032855854
4,Augmented RD 0.1,0.6957878315132605,0.6827320878492338,0.7646864371336654
5,Augmented All 0.1,0.6791471658866355,0.6669631511569722,0.7543967911221049
6,Augmented All 0.5,0.7041081643265731,0.688735742603049,0.7698116989328442
